 Size,ListAge,Board,Female,Balance,Liquid,AssetGrowth,Cashflow,StrategyTarget,Management,AdvocacyTrain,Technology,CEP
23.45,19,9,5.56,2.2818,0.649313,0.22549,0.135412,11,0,1,13,2595941.192
24.36,15,9,9.09,0.7352,0.645423,0.258589,0.046754,3,0,0,5,2565944.434
22.87,14,9,18.75,0.1445,0.669552,0.157356,0.151242,36,0,0,43,2301728.265
22.67,14,9,4.76,0.1871,0.656344,0.066971,0.172702,14,0,0,17,2484029.875
21.17,14,9,11.11,0.3605,1.004538,0.097882,0.020165,3,0,1,6,2394670.421
23.45,12,8,17.24,0.1631,0.702752,0.480624,0.109697,12,0,0,5,2647141.425
22.3,12,7,5.26,0.1183,0.521449,0.097252,0.179966,7,0,0,3,137202.0619
21.63,12,9,0,0.0594,1.11629,0.024957,-0.05744,5,0,0,3,16871839.74
22.32,12,8,21.05,0.6197,0.791541,0.051569,0.04184,9,0,0,8,2253038.639
21.51,5,9,27.78,0.2057,1.112346,0.342645,-0.008803,24,0,0,15,2412378.656
22.26,5,9,12.5,0.2625,1.673324,0.024884,0.019382,10,0,0,22,2221727.358
21.26,5,7,22.22,0.5577,2.752454,0.023199,0.031922,3,0,0,14,2605266.215
21.26,5,9,20,1.9157,0.788734,0.020655,-0.078296,4,0,0,18,5590733.759
21.37,4,9,8,0.306,0.848619,0.034788,0.037204,16,0,1,11,2280313.92
20.83,4,8,17.65,0.1281,0.927279,0.099765,0.051013,3,0,0,14,2336687.945
21.17,3,8,16,0.3711,2.507961,0.073655,0.024528,0,0,0,6,2377661.063
21.79,3,11,8.7,2.7055,1.36641,0.308293,0.01125,3,0,0,7,2533551.248
22.38,3,9,5.56,2.3042,1.237719,0.092807,0.182388,9,0,1,10,2579821.399
21.57,3,9,22.22,0.4414,1.513457,0.058585,-0.085506,0,0,0,15,2454983.773
21.61,2,9,13.64,0.4117,1.247296,0.570465,0.050977,13,0,0,8,2108627.21
22.18,1,9,0,0.0758,6.799962,0.077486,0.0538,0,0,0,0,8843030.629
22.18,1,9,5.56,0.6386,4.393727,0.126546,0.0538,7,0,0,11,2634876.974
22.18,1,9,0,1.0984,5.001758,0.029496,0.0538,0,2,0,3,2468262.563
22.18,1,9,10,0.7444,9.741789,-0.055151,0.0538,10,1,0,19,7134583.773
22.18,1,9,0,1.6033,2.656837,0.21518,0.0538,9,0,0,9,2179395.055
22.18,1,9,18.75,0.4617,5.4209,0.052584,0.0538,2,0,0,8,2512073.374
22.18,1,8,16.67,1.4221,2.533203,0.072108,0.0538,6,0,0,21,2752998.619
22.18,9,9,7.69,1.0011,4.124679,1.110626,0.0538,2,0,0,10,2531042.612
22.18,9,9,37.5,1.0959,30.639846,2.521292,0.0538,0,0,0,9,3200745.789
21.88,13,9,0,0.7253,1.514724,0.346132,0.096179,7,0,1,9,2587185.685
23.49,12,9,13.33,1.1247,0.599984,0.019747,0.081256,18,0,0,8,2773260.083
21.68,11,9,6.25,2.2847,0.725243,0.152155,0.034026,2,0,0,16,1897742.924
22.51,8,9,10,0.14,0.945831,0.339116,0.132091,10,2,0,8,2600118.062
22.73,8,9,7.41,0.1045,1.131775,0.129422,-0.065402,11,0,0,14,2513354.511
22.64,9,9,20,0.0313,1.60054,0.087227,0.041509,0,0,0,6,2881771.238
21.64,9,8,0,0.569,1.940444,-0.011547,0.108819,6,0,0,13,2450512.607
22.18,9,9,16.67,0.6804,4.204285,-0.298797,0.0538,11,1,0,3,507762.6677
20.75,9,7,18.18,0.1976,1.252802,-0.081754,-0.063078,9,0,0,17,8937801.529
22.18,9,9,9.52,0.4823,1.142267,0.153538,0.0538,1,0,0,9,12033130.09
25.15,9,8,5.56,0.8805,1.52136,0.390512,0.173671,4,0,0,9,2957809.869
22.83,9,9,4.55,0.3454,1.397619,0.359176,0.086678,15,0,0,6,2186946.099
20.89,18,7,28.57,0.0636,1.907985,-0.125171,0.083681,1,0,0,4,75161.13225
23.23,18,9,27.78,1.02,1.036684,0.155694,0.138356,35,0,0,18,2802688.155
21.69,18,9,0,0.1858,0.760848,0.224026,0.085366,8,0,0,11,2363932.459
22.18,9,6,23.08,0.1856,0.046818,-0.326435,0.0538,2,0,0,4,1750140.846
22.18,9,9,22.22,0.2029,0.268768,-0.161034,0.0538,0,0,0,3,4145629.399
22.89,15,9,0,1.3052,0.880657,0.341965,0.067403,13,0,0,10,2551413.866
22.08,15,8,15.79,0.0096,0.694775,0.245405,-0.009025,2,0,0,24,672.4843195
23.8,17,9,9.52,0.6061,0.82779,0.219931,0.105901,9,0,0,10,2449186.25
22.01,17,9,10,0.5448,0.418584,0.073257,0.037294,17,0,0,4,2290742.676
22.6,17,9,5.26,1.4133,1.1097,0.012818,0.043808,4,0,0,3,2266662.193
21.07,16,11,5.88,0.6525,0.916395,-0.016484,-0.042843,5,2,0,9,1994235.597
20.41,16,7,16.67,1.7254,10.587736,0.255062,-0.020069,7,0,0,3,1926821.833
22.18,9,11,7.41,0.9438,1.134971,0.240714,0.0538,40,0,0,27,2458070.866
23.39,20,9,10.53,2.3564,0.424369,-0.061878,0.112934,10,0,1,27,3305002.294
20.92,19,9,30,0.5512,1.394953,0.114737,-0.073844,1,0,0,5,2837058.13
24.45,16,9,10.53,0.693,0.735718,0.090054,0.02511,8,0,0,7,3314944.553
22.97,15,9,21.05,0.1328,0.656067,0.106116,0.133169,37,0,0,40,3445686.276
22.7,15,11,7.41,0.2527,0.634918,0.023195,0.082416,31,1,0,12,3148652.037
21.3,15,9,14.29,0.3679,1.001792,0.130813,0.039193,3,0,1,5,3002283.717
23.68,13,8,27.27,0.1085,0.560878,0.248833,0.021419,10,0,0,6,3175774.563
22.38,13,7,5.26,0.1344,0.589015,0.083222,0.148676,8,0,0,1,814991.3381
21.62,13,9,0,0.0266,1.039766,-0.01081,0.023479,4,0,0,5,33152865.79
22.31,13,8,20,0.574,0.684817,-0.009732,0.054903,36,0,0,13,2781676.142
21.8,6,9,25,0.1251,1.078818,0.336994,-0.074545,16,0,0,26,3308605.987
22.5,6,8,13.64,0.2436,1.192253,0.274914,0.029274,6,0,0,24,3191776.95
21.34,6,7,26.67,0.5129,2.292164,0.083213,0.074701,4,0,0,2,3575445.891
22.11,9,9,18.75,1.9157,0.629556,0.00741,0.053066,4,0,0,7,4434168.405
21.35,5,8,11.11,0.2237,0.557141,-0.040104,0.027075,15,4,0,11,3524388.777
20.86,5,9,11.76,0.1281,1.12875,0.035731,0.083543,3,0,0,17,3338586.751
21.18,4,8,17.39,0.3141,2.201078,0.00178,0.018778,5,0,0,7,3591197.6
21.86,4,11,13.04,2.5705,1.286768,0.068474,0.03308,4,0,0,5,3549152.291
22.36,4,9,5.56,2.2838,1.24105,-0.021042,0.101731,4,0,1,12,3239967.629
21.76,4,9,18.18,0.4315,1.29573,0.20848,0.16499,0,0,0,15,3586682.924
20.87,3,8,11.76,1.5516,1.293572,0.128993,0.001713,0,0,0,50,3540094.373
21.84,3,9,15.79,0.4117,1.274049,0.254691,0.046369,0,0,0,5,3001356.263
20.85,2,9,0,0.0894,4.312017,0.045543,0.01493,0,0,0,0,7279079.021
21.65,2,9,6.25,0.6253,3.97629,0.06818,0.019733,16,0,0,7,3855240.892
21.39,2,9,0,0.7898,4.962534,0.036094,0.033016,0,1,0,11,3544435.651
22.11,1,9,10,0.2921,2.080704,0.202641,0.053066,5,0,0,17,3585289.052
22.11,1,9,25,1.7228,2.156242,0.253695,0.053066,15,0,0,2,3048340.103
22.11,1,9,21.43,0.7078,9.093954,0.043957,0.053066,1,0,0,17,3293929.038
22.11,1,7,23.53,1.1114,1.755828,0.030351,0.053066,5,1,0,9,13276.94066
20.69,2,9,7.14,0.6934,5.373822,0.062646,0.162459,2,0,0,9,6383445.616
21.74,2,7,0,1.3958,1.808571,0.036874,-0.01691,7,0,0,15,3032260.014
20.75,2,9,15.38,0.4225,3.40277,0.137417,0.012841,6,0,0,14,3598552.679
20.9,2,8,14.29,1.2724,1.917323,0.134795,0.173693,7,0,0,32,3875199.382
22.11,1,9,5.88,0.98,3.748854,0.014371,0.053066,1,0,0,13,3299260.738
22.11,1,9,40,1.0623,22.826636,0.071986,0.053066,0,0,0,5,4169602.551
22.11,1,9,18.75,0.7689,1.351153,0.236353,0.053066,1,0,0,22,3548519.263
22.11,1,9,15,0.0797,3.213065,-0.00623,0.053066,8,0,0,28,3490516.278
22.11,1,7,15.38,0.8232,10.139602,0.019497,0.053066,13,0,0,11,4424754.957
22.07,14,9,0,0.5127,1.614551,0.207676,0.119514,2,0,1,6,3778518.825
23.64,13,9,13.33,1.1504,0.688348,0.160824,0.070784,27,0,0,19,3815677.707
21.53,13,9,15.79,0.4121,0.334943,0.238947,-0.026427,14,0,0,8,20231.06769
21.86,12,9,0,1.918,0.749843,0.206302,0.008599,15,0,0,14,2955761.552
21.43,12,5,6.67,0.7408,0.529617,0.002681,0.171368,8,0,0,3,3156.99398
23.14,9,9,9.09,1.087,1.997063,0.819885,0.049034,11,3,0,9,3027609.261
22.76,9,8,4.76,0.0538,1.285128,0.038619,0.016013,18,0,0,14,3169547.149
22.75,10,9,16.67,0.0292,1.559687,0.118294,0.124501,0,0,1,9,3762776.264
21.68,10,8,0,0.3904,1.97761,0.047141,0.011433,4,0,0,9,3503102.287
22.11,9,9,17.65,0.5655,6.674083,0.300071,0.053066,2,1,0,2,1465249.205
20.79,10,7,25,0.371,1.724502,0.033872,0.052363,1,0,0,17,10524159.17
20.27,9,9,5,0.5342,1.130665,-0.03439,0.02594,2,0,0,17,12790428.29
25.2,10,8,5,0.8732,1.592764,0.041904,0.137002,4,0,0,11,3503203.44
22.8,10,9,4.76,0.277,0.715307,-0.023711,0.025465,13,0,0,9,2583559.41
23.29,19,9,29.41,1.0431,0.984719,0.067871,0.205497,20,0,0,12,4091808.938
21.75,19,9,0,0.1938,0.590095,0.052871,0.04245,4,2,1,13,3148517.252
22.11,9,7,25,0.2558,1.021522,-0.793342,0.053066,0,0,0,3,2449183.802
22.11,9,9,15.79,0.9457,0.548605,0.266638,0.053066,0,0,0,4,5426809.555
23.04,16,8,0,1.5521,0.635283,0.160194,0.07722,17,0,0,11,3211694.775
23.87,18,9,7.69,0.5792,0.726135,0.071871,0.113017,9,0,0,11,3347414.197
22.19,18,9,8.7,0.5924,0.604408,0.203211,-0.023006,5,0,0,4,2756598.524
22.59,18,9,9.09,1.35,1.08057,-0.013279,0.044262,0,0,0,2,3092860.464
20.99,17,10,5.26,0.6606,0.914369,-0.079816,0.00617,5,0,0,13,3179874.216
24.49,17,14,17.24,0.4014,0.966573,0.272945,-0.124886,14,1,0,10,3418318.902
22.11,1,9,7.14,0.5287,0.809303,0.429232,0.053066,6,0,0,11,3004383.551
22.11,1,11,6.25,0.8614,1.083725,0.081217,0.053066,16,0,0,24,3350176.408
23.44,21,9,11.76,2.2265,0.592974,0.051832,0.118505,7,3,0,4,4328359.085
21.02,20,9,31.82,0.5699,1.278828,0.103252,0.024033,0,0,0,0,3545138.097
24.49,17,9,11.11,0.7367,0.687723,0.038314,0.029279,24,8,1,21,4131651.206
22.32,20,9,10.34,0.5499,2.324343,0.528877,-0.038652,0,0,0,23,6481737.072
22.08,17,9,10,1.5885,0.632615,-0.07492,0.048834,2,0,0,4,4061070.6
23.08,16,9,23.53,0.1405,0.705115,0.124291,0.159819,43,0,0,45,4381599.72
22.78,16,10,8.33,0.2078,0.734448,0.091068,0.148069,15,1,0,21,4166181.869
21.15,16,9,11.11,0.3624,0.773199,-0.134867,-0.07805,7,1,0,7,3250183.843
23.78,14,6,26.32,0.0834,0.535302,0.113401,0.011059,22,12,0,27,3912629.762
22.37,14,6,0,0.1357,0.584366,-0.004215,0.079955,26,6,1,17,935315.219
21.47,14,9,0,0.044,0.848329,-0.137365,-0.051438,9,0,0,4,37177060.78
22.3,14,8,20,0.5112,0.806527,-0.015764,0.0731,37,1,0,25,3726164.186
21.85,7,9,20.83,0.1789,1.006541,0.038848,0.006472,22,0,0,19,3875718.086
22.59,7,8,14.29,0.2761,1.141745,0.069128,0.04163,21,10,2,35,3951798.876
21.36,7,7,25,0.5174,2.504273,0.018304,0.031361,4,1,0,5,4419702.433
21.42,7,9,17.65,1.8855,0.552591,0.032642,0.025668,14,3,2,9,3279970.034
22.08,10,8,6.25,0.2356,0.50312,0.119779,0.048834,25,5,0,15,4330171.786
20.95,6,9,11.76,0.1325,1.045823,0.094428,0.096902,2,1,0,10,3861352.288
21.41,5,8,14.29,0.2873,1.793642,0.261159,0.195959,1,0,0,12,4332165.595
22.05,5,10,12.9,2.5405,1.626322,0.217999,0.048854,12,0,0,9,4338240.335
22.42,5,7,11.54,2.2863,1.349188,0.063823,0.12776,10,4,0,21,4152726.732
21.98,5,9,18.18,0.4621,1.345689,0.252083,0.093761,13,21,3,44,4650761.363
21.4,4,7,11.76,1.5099,1.583012,0.704681,0.0473,0,0,0,50,4101014.795
22.92,4,9,12.9,1.3941,1.394518,0.311417,-0.060973,8,0,1,12,3532026.444
20.73,10,9,0,0.0733,13.330485,-0.106962,0.071639,0,0,0,12,6931035.067
22.01,3,9,11.76,0.7113,2.868802,0.432427,0.065192,15,0,0,13,4782994.865
21.6,3,9,0,0.7788,2.750474,0.234959,0.114948,6,0,1,11,4572281.631
21.42,2,9,6.67,0.3271,3.347128,0.443442,-0.000377,2,0,0,24,4275932.064
21.21,2,9,25,1.4395,2.298667,0.209501,-0.013297,7,0,0,6,3658458.538
21.55,2,9,20,0.5211,7.405385,0.043591,0.031927,11,1,0,26,3638319.808
20.45,2,7,22.22,1.0225,1.460934,0.050987,0.012556,10,0,0,13,85045.28429
22.08,1,9,10.53,0.487,2.330723,0.81763,0.048834,0,1,0,2,4751071.256
20.72,3,9,4.55,0.3554,4.248112,0.022857,-0.075444,0,2,2,19,6966516.662
22.34,3,11,6.67,1.6684,1.640652,2.535569,-0.034843,38,8,0,24,3914222.697
20.79,3,9,15.38,0.4159,2.559999,0.036983,0.008094,9,0,0,25,4404451.075
21.09,3,8,14.29,0.9071,2.517937,0.208504,0.025666,2,0,0,22,4734159.92
21.11,2,9,7.14,0.8796,2.638828,0.128563,0.023405,4,0,0,14,4103112.624
20.55,2,9,40,0.9084,10.839514,0.14623,0.068907,3,0,0,5,5310927.149
21.08,2,9,20,0.6392,1.233025,0.210429,0.100325,4,1,0,15,4091809.428
21.36,2,9,16.67,0.1109,3.415361,0.02515,0.037128,11,0,0,20,4148643.525
20.26,2,7,14.29,0.8232,2.513029,0.483883,-0.054553,9,0,0,11,5517406.409
22.08,1,9,11.76,1.1091,3.121777,0.117763,0.048834,4,0,0,26,1528929.909
22.24,15,9,0,0.4696,0.946788,0.179909,0.115288,2,0,0,13,4594654.574
23.68,14,9,18.75,1.1278,0.691767,0.03876,0.077021,38,16,0,35,4486432.944
21.53,14,9,14.29,0.3939,0.670841,0.000921,-0.033087,5,0,0,11,53123.95248
21.78,13,9,0,1.8872,0.542973,-0.051517,0.010523,6,0,0,18,3588626.577
21.45,13,5,7.69,0.6267,0.459527,0.01645,0.114501,4,0,0,3,20709.50386
22.08,10,8,29.63,0.1871,1.099053,-0.525487,0.048834,5,0,0,2,3023806.566
23.2,10,9,9.09,1.2747,0.834788,0.053032,0.011247,15,0,0,13,3543752.039
22.8,10,8,4.76,0.0553,0.98579,0.038871,0.075041,20,0,0,16,4300402.132
23.05,11,9,18.18,0.2388,2.489219,0.245983,0.07406,9,0,0,6,4496473.518
21.72,11,9,0,0.4017,2.108817,0.035725,0.102827,2,0,0,6,4303874.009
22.08,10,9,21.05,0.568,1.452274,-0.058867,0.048834,6,1,0,5,1619799.967
21.48,11,7,25,0.701,3.462491,1.002263,0.108314,3,0,0,19,11606208.05
25.26,11,7,3.7,0.8707,1.692943,0.063651,0.173651,17,2,2,19,4596275.858
22.85,11,9,4.76,0.2366,0.543884,0.047121,0.05028,5,0,0,14,3714289.067
23.4,20,9,27.78,0.981,1.083354,0.118552,0.21765,28,7,0,34,5254257.879
19.59,20,7,15.38,0.246,0.34063,0.675383,-0.12536,4,0,0,4,3561201.751
23.12,17,8,0,1.1065,0.585274,0.079252,0.096535,20,0,0,6,4368500.301
23.97,19,9,8.33,0.5792,0.704973,0.108764,0.129066,8,0,0,14,4271909.195
22.27,19,9,3.33,0.5087,0.424815,0.0613,0.056172,5,3,0,6,3501291.54
22.7,19,8,13.33,1.3099,1.326539,0.11853,0.035466,1,0,0,18,4112370.583
20.93,18,11,13.64,0.6665,0.658582,-0.058532,0.008433,13,6,1,23,3584593.503
24.61,18,14,17.24,0.4072,0.955953,0.129212,-0.03532,6,1,0,15,4026623.277
20.42,18,7,15.38,1.6927,11.059769,-0.004243,-0.004158,5,0,0,1,3154437.898
22.08,1,9,31.25,1.8165,1.79822,-0.008538,0.048834,2,0,0,22,7464243.196
22.78,2,9,5.88,0.5098,0.683788,0.14327,0.215861,15,9,1,22,4335042.56
25.32,2,11,4.17,0.8612,1.155537,0.188521,-0.006732,80,26,6,59,3962751.901
23.45,22,9,15.79,1.9724,0.265377,0.01363,0.09326,26,3,1,38,4366266.896
21.11,21,9,26.92,0.6276,1.267789,0.095983,-0.018596,0,0,2,10,3772133.766
24.51,18,9,10.53,0.8688,0.526451,0.022278,0.052292,28,7,2,21,4174432.778
22.31,21,9,6.25,0.4892,2.927443,-0.002096,-0.040388,6,2,0,25,5726632.771
22.13,21,7,17.65,0.6675,0.341971,0.052979,0.042607,4,0,0,6,168106.688
22.14,18,9,11.11,1.5297,0.606891,0.162911,0.042006,30,4,2,18,4657498.562
23.32,17,9,30,0.192,1.168145,0.262882,0.148149,42,0,1,54,4706645.662
22.9,17,10,8.7,0.1707,0.950505,0.126301,0.127157,21,0,0,24,4534578.818
21.32,17,6,8.7,0.6471,1.288959,0.19004,0.007803,6,1,0,10,3563850.353
23.8,15,7,25,0.0795,0.500768,-0.00275,0.019688,14,4,0,19,4153719.42
22.46,15,6,0,0.4918,0.359775,0.089908,0.167551,12,3,1,15,1017303.538
23.09,15,7,5.41,0.8207,1.218025,-0.149263,0.042796,8,0,0,5,47431473.82
22.27,15,9,18.52,0.4612,1.146196,-0.022913,0.116473,41,0,0,13,4124133.703
21.9,8,9,15,0.0672,1.008367,0.054434,0.042148,32,0,0,19,4348188.144
22.81,8,9,12.5,0.2458,1.051804,0.240649,0.058776,22,6,2,33,4182977.801
21.4,8,7,20,0.5413,2.6788,0.037883,0.0367,2,0,0,9,4672530.148
22.22,8,9,18.75,1.741,0.712609,1.216075,-0.08318,17,6,2,16,3359838.698
21.52,7,9,13.64,0.2291,0.672755,0.066257,0.016892,32,5,0,32,4769567.274
21.22,7,9,12.5,0.153,0.981617,0.30592,0.015297,2,1,0,15,4161872.574
21.29,6,8,14.29,0.1509,2.20436,-0.11225,-0.066047,0,0,0,7,4372109.153
22.31,6,10,19.05,2.1704,1.52566,0.295055,0.038728,12,2,0,15,4755478.756
22.41,6,7,11.76,2.2972,1.890317,-0.006834,0.211595,9,4,0,29,4680557.557
22.36,6,9,26.32,0.4571,2.271368,0.460228,0.09971,19,20,0,45,5126291.753
21.28,5,8,11.76,1.1761,1.821076,-0.116716,0.006818,0,0,0,47,4247192.128
23.11,5,9,15.38,1.0271,1.401,0.210468,0.002142,16,1,0,20,3749805.331
22.14,4,9,5.56,0.261,3.109978,-0.019365,0.042006,0,0,0,11,11032581.97
22.12,4,11,12.5,0.7134,2.396809,0.120558,-0.004177,18,0,0,15,5202497.319
21.53,4,9,0,0.6409,2.510613,-0.062873,0.038383,6,0,0,12,4887064.155
21.54,3,9,6.25,0.2383,1.755124,0.131928,0.037757,0,0,0,14,4420823.02
21.46,3,9,33.33,2.2348,2.324748,0.289167,0.022749,6,0,0,3,3930492.254
21.68,3,8,28.57,0.3931,3.178292,0.133833,0.041834,13,1,1,34,3818261.581
21.22,3,7,17.24,1.7919,2.720589,0.335894,-0.184705,7,0,0,13,126821.3443
21.59,2,9,11.11,0.6238,2.479523,0.084409,-0.064283,0,1,0,3,4892249.124
20.74,4,9,5.26,0.3532,3.053046,0.025412,-0.000201,0,0,1,21,8644210.38
22.44,4,9,13.64,1.1215,1.418836,0.098941,0.040582,37,7,0,40,4228481.628
20.87,4,7,16.67,0.4159,1.718782,0.088465,0.041179,8,0,0,21,4626234.845
21.19,4,8,14.29,0.6715,2.129572,0.10621,0.089259,2,0,0,21,4987029.619
21.03,11,9,7.14,1.0861,3.569352,-0.071987,0.070725,7,0,0,23,4315983.117
20.56,3,9,36.36,0.6292,6.444774,0.001737,0.045523,5,0,0,8,6209807.423
21.15,3,9,20,0.6287,1.37423,0.071974,0.095393,4,1,0,17,4521247.178
21.43,3,9,17.65,0.1332,3.001244,0.078584,-0.037761,11,0,0,23,4396302.324
20.45,3,7,21.43,0.6587,2.600886,0.207779,0.095195,12,0,0,17,6042394.497
20.62,2,9,11.76,1.0131,2.073325,-0.069846,-0.000242,3,0,0,27,1530906.458
22.33,16,9,0,0.4444,0.876874,0.094673,0.094157,4,0,0,13,4901768.088
23.68,15,9,20,0.9113,0.563377,0.004946,0.086491,41,11,0,41,5106034.753
21.44,15,9,16.67,0.3904,0.176887,-0.079866,-0.009025,4,0,0,11,49100.80015
21.67,14,9,0,1.9543,0.464902,-0.111079,-0.052784,7,0,0,15,3871449.703
21.37,11,5,6.25,0.5747,0.444156,-0.077293,0.212012,6,0,0,2,29250.80188
22.14,11,7,27.27,0.6215,1.756725,-0.036113,0.042006,1,0,0,4,1389135.901
23.21,11,9,14.71,1.3815,0.774384,0.017534,0.042764,25,0,0,11,3441348.702
22.82,11,8,4.76,0.0374,0.897767,0.016279,0.061648,30,0,0,16,4613074.901
22.98,12,9,21.74,0.0772,3.227264,-0.065218,0.048459,2,0,0,5,4666886.121
21.76,12,9,0,0.4234,2.203997,0.041444,0.098533,0,0,0,2,4487177.808
20.64,13,9,13.33,0.6272,0.783013,0.005354,-0.035339,7,0,0,5,3307897.271
21.61,11,8,22.22,0.5459,2.212433,0.140451,0.010518,2,0,0,18,12626858.04
25.35,12,8,4.55,0.8986,1.743213,0.09838,0.189641,26,9,2,37,4978756.444
22.92,12,9,4.55,0.2474,0.620118,0.067071,0.03801,5,0,0,16,3811985.979
21.17,21,7,26.67,0.0342,1.288276,-0.004625,0.016263,5,0,0,8,137695.9066
23.55,21,9,29.41,1.1005,1.032353,0.15056,0.215036,22,11,0,39,5720493.789
22.05,21,9,0,0.1684,1.215301,0.1738,0.099502,11,8,0,21,4291004.949
19.7,21,7,7.14,0.2687,0.133779,0.119768,0.000203,3,0,0,2,3929964.786
23.11,18,9,0,1.0687,0.68298,-0.013989,0.084722,28,0,1,18,4681510.568
23.98,20,9,8.33,0.5762,0.683777,0.008985,0.148689,3,0,0,12,4679488.248
22.41,20,9,3.33,0.5139,0.332992,0.151351,0.062914,7,2,0,11,3955462.786
22.8,20,7,11.76,1.2766,1.023953,0.001744,0.028748,1,0,0,20,4173839.212
20.78,11,10,14.29,0.6661,0.591126,-0.138163,-0.033288,14,9,1,31,3507170.338
24.7,19,13,17.65,0.4939,0.998539,0.093636,-0.122451,3,1,0,15,4302845.207
20.35,19,6,18.75,1.7277,7.201205,-0.070282,-0.002043,5,0,0,3,2938641.269
22.59,2,9,21.74,1.5475,1.264736,0.375793,0.078396,1,0,0,12,10097189.03
22.95,3,10,6.67,0.7339,0.842939,0.189316,0.091354,18,9,1,36,4136486.272
25.47,3,11,3.85,0.693,1.260531,0.170432,-0.062284,46,20,1,49,4351123.737
23.47,23,5,22.73,1.1155,0.447401,0.035746,0.072293,33,7,1,48,3931088.617
21.17,11,9,27.27,1.8182,1.264,0.062323,0.019994,2,0,0,14,3758536.828
24.44,19,8,5.88,0.7476,0.425869,-0.062946,0.020822,8,0,1,11,3639080.401
22.36,22,9,5.88,0.4797,2.880423,0.050407,-0.028787,8,1,0,17,5396536.301
22.2,22,7,14.29,0.5769,0.754133,0.069582,0.068314,19,1,0,9,257230.9104
22.27,19,9,9.52,1.5297,0.49691,0.214966,0.047214,23,3,1,12,3699780.458
23.33,18,9,31.25,0.1184,1.316559,0.017334,0.142764,27,0,0,41,4482482.915
22.92,18,9,9.09,0.14,0.978543,0.019404,0.09,28,0,0,24,3903436.891
21.38,18,9,8,0.1622,1.648236,-0.159518,-0.085257,7,1,0,9,3661327.796
23.75,16,7,29.17,0.1347,0.407947,-0.050734,0.010948,17,3,0,21,3547652.938
22.5,16,9,9.52,0.4561,0.797314,0.048063,0.110774,8,4,1,14,1071655.727
22.42,16,10,26.92,0.315,0.38915,-0.09174,0.051981,46,0,0,12,3444466.867
21.98,9,9,19.05,0.1463,1.014813,0.077605,0.005439,25,0,0,26,4036183.693
22.8,9,9,0,0.1874,1.094498,-0.00717,0.102164,25,6,2,25,3931262.306
21.47,9,9,12,0.7072,2.30438,0.065051,0.081573,16,1,0,13,4365567.824
22.31,9,9,16.67,2.2062,1.613382,0.091716,0.015231,10,9,2,26,4480067.594
21.49,8,9,11.11,0.2177,0.660538,-0.036497,0.011013,34,4,0,40,4575841.83
21.48,11,9,13.33,0.1968,0.68117,0.299641,0.044445,2,0,0,12,4152950.698
21.24,7,8,16.67,0.3966,2.048614,-0.046743,-0.03533,0,0,0,9,3741271.39
22.36,7,9,22.73,1.8009,1.92589,0.052127,-0.01788,7,2,0,17,4390995.177
22.52,7,7,11.76,2.2837,1.393874,0.115907,0.193892,4,7,0,33,4018476.255
22.53,7,9,27.78,0.3453,2.020529,0.183389,0.081949,14,38,0,67,5201793.67
21.28,6,8,11.11,1.0011,1.292489,0.007501,0.009916,0,0,0,16,3599329.824
23.25,6,9,12.5,1.0144,1.356317,0.154819,0.072308,31,1,1,34,3536954.15
22.27,5,11,9.52,0.7742,2.607197,0.165992,-0.033209,17,1,0,20,4754421.689
21.63,5,9,0,0.6508,2.149396,0.101495,0.056701,5,0,0,13,4496908.41
21.52,4,9,6.67,0.1966,1.646761,-0.01795,0.021894,0,0,0,21,3915681.509
21.88,4,9,22.22,2.5783,2.785743,0.154869,-0.008419,5,0,0,5,3794741.867
21.7,4,9,23.08,0.3744,2.538316,0.026886,-0.015499,10,1,0,35,3663126.477
21.63,3,9,11.11,0.3577,1.686954,0.033402,-0.007044,3,1,0,4,5176665.115
22.35,11,9,11.76,0.4079,1.562892,0.473882,0.041964,7,0,0,30,3932277.772
21.28,5,9,11.54,0.49,2.0309,0.709706,0.009961,1,0,1,12,9820207.213
22.41,5,8,11.76,0.7028,2.312714,-0.023828,-0.056197,23,8,1,27,3938384.409
20.9,5,7,25,0.3339,1.528536,0.022171,0.05354,11,0,0,17,4283411.237
21.21,5,5,14.29,1.8357,1.455198,0.018009,0.040059,0,0,0,12,4877596.876
22.35,4,9,15.79,1.0081,2.143645,0.126628,0.041964,12,0,0,28,4209444.217
20.57,4,9,29.41,0.5772,6.716046,0.007812,-0.011454,5,0,0,13,6030666.124
21.54,4,9,20,0.5909,1.490646,0.476891,0.192423,2,1,0,11,4476540.668
21.8,4,9,14.29,0.1379,2.670831,0.433177,0.056171,9,0,0,24,4277478.966
20.59,4,7,28.57,0.7104,2.199626,0.150424,0.022377,20,0,0,27,5139324.713
20.58,11,7,17.65,1.0131,1.479492,-0.038266,-0.005882,1,0,0,18,1282140.03
22.35,11,7,20,0.8356,2.37018,0.205998,0.041964,16,0,0,27,4448144.852
22.35,1,9,23.08,1.7681,5.775743,0.144907,0.041964,0,0,0,11,6284388.117
22.35,1,7,16.67,0.5903,1.615132,0.309664,0.041964,2,0,0,21,14952600.6
22.75,17,9,0,0.964,1.057974,0.526469,0.095689,4,0,0,15,4809897.4
23.9,16,9,22.73,0.8197,1.104603,0.246234,0.125722,40,26,0,42,5161667.045
22.35,11,7,17.24,1.0209,1.47707,0.120863,0.041964,3,0,0,10,150228.367
21.68,15,9,9.09,2.0095,0.438983,0.014195,-0.00359,5,0,0,14,3228234.387
22.35,15,5,5.26,2.064,0.495787,2.823387,0.041964,6,0,0,3,32845.58379
23.14,12,9,20.83,0.8054,0.600239,-0.087994,0.00546,32,0,0,20,2847810.242
22.77,12,7,4.17,0.0624,0.942082,-0.044714,0.038062,35,0,0,12,4076404.976
22.92,13,9,26.92,0.0583,2.248342,-0.059142,0.042078,10,6,0,14,4052527.437
21.81,13,9,5.88,0.4878,2.29715,0.054961,0.138257,1,0,0,3,4485750.363
22.35,11,9,11.76,0.6752,0.657448,0.061746,0.041964,8,0,0,5,3978486.375
22.35,13,7,26.67,0.5603,1.330413,0.892363,0.041964,3,0,0,28,14354152.42
25.38,13,7,4.17,0.9097,1.284491,0.034506,0.096899,25,10,0,29,4258289.453
23,13,9,5.26,0.2506,0.65297,0.09261,0.043224,4,0,0,13,3706080.819
23.94,22,9,21.05,1.7553,1.768956,0.471176,0.178629,26,9,0,35,5352439.018
22.01,22,9,0,0.574,1.237278,-0.034673,0.043457,11,6,1,16,3890009.473
19.74,22,7,6.67,0.4284,0.177157,0.042049,-0.070965,4,0,0,4,2920053.502
23.11,19,8,0,1.3708,0.747991,0.000259,0.059241,24,0,0,14,3949353.167
23.96,21,8,9.09,0.5034,0.697303,-0.021877,0.105664,8,0,0,12,4036206.107
22.34,21,8,9.37,0.3391,0.195718,-0.065932,0.020068,15,1,0,10,3148646.909
22.83,21,7,13.33,1.0318,0.677342,0.030573,0.066711,10,0,0,14,3734343.444
22.35,20,11,15.38,0.714,0.858778,-0.258752,0.041964,11,7,1,29,3220040.771
24.71,20,15,14.29,1.7551,0.851732,0.007078,0.048245,6,1,0,11,3874671.229
20.44,20,7,13.33,1.7452,6.907403,0.094045,-0.035311,9,0,0,7,2559152.302
23.05,3,9,20,1.3365,1.702982,0.582908,0.056526,7,0,0,19,11303481.2
23.24,4,9,5,0.6509,0.510692,0.003656,0.068217,19,7,1,26,3757770.334
25.6,4,11,6.06,0.6827,1.370461,0.130196,-0.005641,45,16,2,34,4131182.105
22.35,11,9,29.41,0.3674,2.445109,0.733704,0.041964,4,1,1,24,4849058.25
22.35,1,9,28.57,1.3487,14.766286,-0.044603,0.041964,1,0,0,20,4852028.181
23.57,24,7,22.22,0.7029,0.380342,0.106989,0.144668,44,5,0,50,4820835.35
22.44,23,9,26.32,2.035,1.378995,-0.033145,0.061624,1,0,0,12,4050896.954
24.45,20,9,8.33,1.1013,0.515765,-0.000636,0.06484,22,7,1,15,4649023.463
23.05,23,9,6.67,0.473,2.380844,0.289643,0.019758,6,1,0,15,4687366.659
22.36,23,6,21.43,0.5427,0.945435,0.168544,-0.005496,24,1,0,5,291406.8637
22.48,20,9,10.53,1.1326,0.585094,-0.016167,0.09219,14,3,0,9,4420106.639
23.39,19,9,31.25,0.5819,1.74844,0.054759,0.125563,21,0,0,45,5356064.105
22.86,19,9,9.52,0.1773,0.980741,-0.058569,0.101349,10,0,0,11,4609335.253
21.65,19,9,6.25,0.3662,3.456671,0.132487,0.063263,6,1,0,10,4347598.09
23.64,17,7,33.33,0.1338,0.402844,-0.100254,0.028199,15,3,0,14,4492874.642
22.57,17,9,10.53,0.453,0.433525,0.063636,0.073704,10,0,0,4,1309642.531
22.41,17,9,24.14,1.8441,0.429836,-0.007638,0.098874,40,0,0,12,4246010.523
21.94,10,9,19.05,0.1572,0.985633,-0.03482,0.038022,29,0,0,32,4640770.412
23.75,10,9,0,0.2093,0.918869,0.100351,0.057875,24,2,0,33,4740590.829
21.47,10,9,0,0.7262,2.830016,0.007445,0.169071,23,1,0,13,5246018.046
21.45,9,9,12.5,0.2381,0.644023,-0.039441,0.058314,33,7,0,27,5428039.729
22.44,9,9,13.33,0.1541,0.708197,0.133095,0.061624,2,0,0,8,4509246.586
21.49,8,7,20,0.3873,1.075918,0.27879,0.169137,2,0,0,10,4631859.3
22.27,8,9,20.83,1.6255,2.02097,-0.092138,0.034122,9,2,0,19,5034167.295
22.63,8,5,11.11,2.2956,1.640462,0.115798,0.160906,17,6,0,33,4770358.523
22.9,8,12,38.1,0.4375,1.590308,0.455697,0.097043,12,31,0,70,6145062.14
21.59,11,9,13.33,1.7692,1.873676,0.364674,0.049412,0,0,0,15,4717976.779
23.37,7,9,13.04,1.0014,1.273334,0.126905,0.073535,27,1,1,21,3961305.387
22.31,6,11,5.56,0.664,2.747047,0.04062,0.009212,16,0,0,18,5619898.177
21.79,6,8,4.35,0.7326,1.673674,0.177883,0.069941,6,0,0,9,5034433.156
21.42,11,9,6.25,0.1996,1.665128,-0.100132,0.059819,1,0,0,11,4223506.301
22.09,5,9,27.78,2.4257,2.219199,0.241409,-0.034217,7,0,0,8,4483238.815
22.18,5,9,25,0.282,1.114957,0.603803,0.074182,12,1,0,25,4129254.249
21.96,4,9,12.5,0.3648,1.37662,0.395518,0.066644,2,0,0,4,5386420.721
22.44,1,9,10.53,0.3184,1.153682,0.307822,0.061624,6,0,0,19,4650659.564
22.44,1,9,11.11,1.8922,1.840943,0.109869,0.061624,7,0,0,7,4565327.027
21.49,6,9,19.05,0.3758,1.808423,0.242493,-0.041057,0,0,0,16,12860326.32
22.56,6,9,11.11,0.6129,1.762691,0.151263,0.004016,16,9,0,32,4548323.913
21.62,6,7,25,0.5402,2.028364,1.064374,0.128536,11,0,0,22,5513184.719
20.97,6,7,20,1.6397,1.875381,-0.212824,0.031177,2,0,0,9,5158731.842
21.26,5,9,20,1.2529,1.577552,0.116468,0.100584,8,0,0,22,5048714.658
20.57,11,9,21.05,0.5774,6.735645,0.006862,0.050448,5,1,0,10,6282247.4
21.83,5,9,21.05,0.566,3.238726,0.334595,0.145206,3,1,0,18,5174967.92
21.89,5,9,15,0.1341,2.884239,0.09139,-0.017696,11,0,0,31,4793594.312
20.89,5,7,31.58,0.7374,4.911184,0.35409,0.064993,39,0,0,43,5164374.558
22.44,4,7,13.33,1.0184,0.747357,0.734925,0.061624,8,1,0,13,2432128.617
22.44,1,7,21.43,0.8046,1.790571,0.142648,0.061624,11,0,0,15,4067995.244
20.76,2,9,23.08,1.626,3.273416,0.19363,0.120968,6,0,0,9,6791436.174
21.32,2,7,15.38,0.485,2.448883,0.708999,-0.033956,2,0,0,26,17911985.83
22.87,18,9,0,0.6299,0.746505,0.129182,0.02753,2,0,0,19,5667494.198
23.9,17,9,23.81,0.9529,0.867929,-0.006293,0.131587,31,11,0,28,6376831.041
22.56,16,9,15.38,1.7457,1.047615,1.406602,-0.275002,14,3,1,14,4104279.16
23.03,13,9,20.83,0.8054,0.562874,-0.107099,0.063387,22,4,1,20,4070847.765
22.78,13,7,6.67,0.0549,0.963371,0.00894,0.077075,32,1,0,15,4961123.761
22.81,14,9,22.22,0.0508,3.071242,-0.106535,0.034953,10,0,0,25,4725757.225
22.09,14,9,5.88,1.1897,3.003896,0.313196,0.170372,5,0,0,3,5246269.424
22.44,11,9,28.57,2.2744,4.454249,-0.40305,0.061624,11,0,0,3,4977115.821
25.42,14,8,4.35,1.0277,1.724086,0.035287,0.124755,6,0,0,17,5220302.597
22.98,14,9,5.26,0.2279,0.582508,-0.028058,0.051303,11,0,0,11,4781775.25
24.12,23,8,26.32,1.9251,1.544437,0.20296,0.146493,24,26,0,42,6191634.33
22.11,23,8,0,0.73,1.009739,0.100044,0.10973,5,3,0,16,4659303.127
19.66,23,7,6.67,0.3556,0.655261,-0.082786,0.015395,3,0,0,4,4192329.748
23.09,20,8,0,1.3867,0.754124,-0.016246,0.079041,27,1,0,15,4912266.763
24.03,22,9,10.34,0.5034,0.757548,0.076121,0.121481,5,0,0,5,4781955.428
22.21,22,9,15.62,0.3985,0.221121,-0.121623,0.035583,29,2,0,6,3830899.914
22.73,22,7,18.75,1.0339,1.015138,-0.090124,0.053628,10,0,0,13,4424055.419
21.03,11,10,14.29,0.7136,0.801738,0.032634,0.023251,12,6,1,35,4021452.959
24.67,21,15,16.67,1.7551,1.001559,-0.035516,0.048145,7,3,0,5,4711991.694
20.38,21,7,15.38,1.8268,11.702737,-0.056503,-0.058381,9,0,0,5,3105017.205
23.68,4,9,21.43,1.3574,1.86658,0.878044,0.05248,12,0,0,11,14725982.24
23.24,5,9,4.76,0.5287,0.555045,-0.006781,0.133247,5,3,1,16,4988874.258
26.06,5,7,6.9,0.6927,1.258145,0.5939,0.026798,45,15,3,33,4605332.413
22.44,1,5,14.29,0.3992,0.700971,0.470436,0.061624,13,1,0,28,5096135.617
22.44,1,6,9.09,1.1207,2.177733,0.356308,0.061624,7,0,0,14,5122665.792
22.44,1,9,31.25,0.3937,4.050884,2.033256,0.061624,21,1,0,18,6253412.97
22.44,1,9,5.56,0.1673,1.252247,0.206945,0.061624,0,0,0,6,4640312.178
20.97,2,9,25,1.3234,12.508302,0.062594,0.053069,8,0,0,21,5580786.812
22.44,11,6,8.33,3.9876,8.985228,0.07503,0.061624,14,1,0,24,5055690.793
23.7,25,9,19.05,0.7028,0.661976,0.139279,0.143668,37,19,1,59,6616247.204
21.39,24,8,21.05,1.8017,1.185419,0.289078,0.164454,7,0,0,13,5620529.86
24.44,13,9,12.5,0.3553,0.506404,-0.010746,0.065147,14,6,0,16,7120619.273
22.8,24,7,27.78,0.4437,1.026312,0.560664,0.057403,8,2,0,6,324336.5889
22.51,21,9,15,0.9777,0.762301,0.030054,0.177089,26,13,1,21,7650564.458
23.5,20,9,31.25,0.5427,1.909472,0.122748,0.18497,36,1,1,42,7960327.741
21.69,20,9,7.14,0.3662,3.868733,0.039615,0.03913,7,1,0,17,6517609.54
23.64,18,7,33.33,0.09,0.55833,-0.000309,0.063188,13,2,0,16,7037793.081
22.82,18,8,11.11,0.2153,0.192319,-0.392216,0.128989,14,0,0,9,2138295.866
22.53,18,9,21.74,1.8024,0.375364,0.128734,0.11474,55,2,1,8,6380814.338
22.02,11,9,17.39,0.1405,1.002324,0.081502,0.057178,23,0,0,25,6474805.547
23.83,11,9,0,0.2042,0.949114,0.090526,0.037432,25,4,3,36,6915842.754
21.62,11,9,0,0.7283,2.799588,0.152473,0.201311,21,1,0,10,7988876.237
21.47,10,8,21.05,0.2478,0.691728,0.027244,0.053536,32,10,0,25,7641477.136
21.73,10,9,18.18,0.1633,0.77649,0.131652,0.055356,3,0,0,10,6463759.674
21.65,9,7,19.05,0.3171,0.823693,0.178359,0.024252,0,0,0,7,6342475.216
22.29,9,8,15.79,1.6247,1.757508,0.022547,0.028055,10,2,0,16,7107225.8
23,9,5,14.29,2.0897,3.229908,0.454195,0.141298,16,6,0,36,7089343.487
21.73,7,9,20,0.3452,1.639549,0.259141,0.064731,0,0,0,23,19459045.82
22.62,7,9,13.04,0.485,1.107644,0.00818,-0.027676,38,6,0,39,6038362.682
21.72,7,8,26.67,0.4595,2.518997,0.108109,0.049625,2,0,0,24,9938087.658
21.16,7,7,25,1.6975,1.863377,0.206065,-0.041808,4,0,0,13,7248190.839
21.5,6,9,25,1.1581,1.418524,0.263013,0.113743,7,0,0,32,7312957.177
22.43,6,9,16.67,0.5367,4.12695,0.138417,0.072849,8,2,0,7,9792315.047
21.86,6,9,21.43,0.4069,2.705898,0.025703,0.124815,7,1,0,16,6691799.08
22.07,6,9,15.79,0.1734,3.755354,0.199532,0.017241,12,0,0,33,6373597.913
20.92,6,7,35.71,0.7374,3.903795,0.023724,0.044557,54,0,0,75,7084767.389
21.02,5,7,11.76,1.0729,0.778412,-0.109472,0.023608,10,0,0,16,3387221.138
21.64,2,7,25,0.7212,1.85524,0.92226,-0.108476,17,0,0,18,6241295.168
20.88,3,9,25,1.7527,2.771755,0.125109,0.112939,1,0,0,14,9594275.148
22.03,3,7,11.11,0.4286,1.706569,1.033914,-0.03466,2,0,0,42,23422634.4
22.43,13,9,27.78,0.707,4.55312,0.853813,0.072849,5,0,0,27,7843366.732
23.13,19,9,0,0.6453,1.110591,0.270577,0.001767,4,0,0,15,7682714.955
23.93,18,9,25,0.7964,1.002385,0.035924,0.158899,35,14,0,32,9225511.508
22.69,17,9,14.29,1.7457,1.150917,0.142735,-0.035381,9,6,6,18,5478599.783
22.43,13,7,25.81,0.3167,0.617523,-0.021289,0.072849,26,0,0,19,6110941.301
22.72,14,7,0,0.0955,1.342615,-0.062469,0.119563,32,2,0,15,7284588.362
23.36,15,9,25.93,0.0622,3.229866,0.731959,0.429354,5,2,0,13,21340754.41
22.15,15,9,6.25,1.265,3.056295,0.070676,0.105517,8,1,0,10,7372014.833
19.99,16,9,38.46,2.2908,8.423533,-0.18037,0.015724,6,0,0,3,9257758.653
25.53,15,8,0,0.9813,2.176385,0.115314,0.158546,15,1,0,19,7697392.332
22.99,15,9,5.56,0.2259,0.714182,0.009695,0.04947,8,0,0,16,6795915.959
24.18,24,9,28.57,2.0204,1.554793,0.061547,0.160602,25,25,0,45,8729607.399
22.15,24,9,4.17,0.6724,0.938298,0.045294,0.108138,2,3,0,27,7579384.213
19.89,24,7,16,0.36,2.023038,0.266868,0.022204,1,0,0,4,6857729.976
23.04,21,9,0,1.5718,0.727927,-0.049065,0.09547,23,1,0,16,7227553.923
24.14,23,9,10.71,0.5102,0.948773,0.112028,0.142346,9,0,0,13,7092600.965
22.13,23,9,15.38,0.3353,0.254008,-0.081226,0.024103,24,6,0,11,5896611.831
22.67,23,7,18.75,0.9051,1.007038,-0.060018,0.023096,11,0,0,15,6038396.755
22.43,22,9,10,0.7119,0.94858,0.01195,0.072849,14,6,1,21,7150257.816
24.79,22,15,14.71,2.0385,0.957617,0.121879,0.118377,5,3,0,7,8692979.413
20.38,22,7,15.38,1.8676,17.804759,-0.000969,-0.027178,6,0,0,4,5102207.712
24.22,5,9,21.43,1.5615,1.53381,0.715158,0.064776,89,7,1,33,23402282.03
23.27,6,9,5.56,0.5587,1.054048,0.028346,0.190192,25,7,1,25,7354371.025
26.17,6,10,10,0.7082,1.300223,0.114255,-0.056884,36,18,3,26,6679616.289
21.85,2,5,13.33,0.35,0.557735,0.142077,0.022789,14,0,0,20,6685533.936
20.93,2,7,11.11,1.1033,1.178426,0.406766,0.074953,4,0,0,12,7530026.701
21.45,2,8,32,0.3432,1.332988,0.531373,0.024877,22,1,0,29,7771453.913
21.35,2,9,6.25,0.1238,1.248274,0.038941,-0.043803,0,0,0,10,6210132.378
22.43,1,9,18.75,1.8214,3.496684,0.180358,0.072849,12,1,0,13,6917999.542
21.05,3,9,12.5,1.3102,10.926298,0.083307,0.056213,0,0,0,21,7921005.605
22.43,2,5,17.65,3.9876,12.607237,0.005416,0.072849,10,1,0,17,7052791.53
22.2,8,9,27.27,0.5591,3.540179,0.61513,0.105045,2,0,0,16,24271438.03
22.34,10,9,9.09,0.3137,1.104989,-0.207305,0.032056,67,3,1,61,7920824.057
21.53,8,8,18.75,0.5064,0.437296,-0.176737,0.010912,4,0,0,28,12682943.36
21.16,8,5,35,1.5485,2.096772,0.007165,-0.134511,3,0,0,18,9671769.784
21.25,7,9,30,1.1749,1.070863,-0.21999,0.111223,8,0,1,24,9605641.806
20.81,7,9,17.65,0.5179,3.345864,0.107862,0.114239,6,1,0,8,13790258.92
21.87,7,9,15.38,0.4562,2.656706,0.010422,0.062666,9,0,0,15,9161483.626
22.04,7,7,20,0.1707,2.899819,-0.025192,0.035437,12,0,0,35,8259078.799
20.89,7,7,33.33,0.7374,2.445875,-0.026681,0.008614,42,0,0,110,7367220.949
20.78,6,7,15,1.0428,0.989825,-0.212055,0.056279,7,0,0,17,4305004.764
21.7,3,7,25,0.5912,1.583888,0.055101,-0.111195,25,0,0,29,9620904.583
21.06,4,9,35.71,1.7546,2.55749,0.199494,0.081492,5,0,0,16,12463005.8
22.37,4,7,15.38,0.7003,1.581148,0.397563,0.159698,4,0,0,50,28704084.88
22.32,1,9,0,0.6274,2.122274,0.264746,0.082419,3,0,1,25,11466508.55
22.32,1,9,25,0.6914,4.009055,0.200744,0.082419,12,0,2,22,9865766.494
22.32,1,9,20,0.5096,5.379566,0.011797,0.082419,0,0,0,0,10792078.11
22.32,1,9,0,1.093,1.210517,0.014394,0.082419,6,1,0,14,10849063.2
22.32,1,7,15.38,0.6732,1.476508,0.36691,0.082419,6,0,0,23,10755340.21
22.32,10,9,11.11,0.8139,2.038713,0.934254,0.082419,22,15,1,40,9914555.061
23.13,20,9,0,0.528,0.764219,0.069338,0.028066,11,0,0,12,8824954.062
24.14,19,9,22.22,0.9459,0.589855,0.22502,0.155778,17,21,0,47,12391527.98
22.84,15,7,19.05,0.3167,0.518547,-0.148094,0.080851,34,8,2,25,9674412.112
22.68,15,7,0,0.0976,1.273852,-0.046188,0.071517,31,2,0,25,10667959.57
23.5,16,9,21.21,0.0821,5.768749,0.153269,0.40954,5,10,0,15,27313914.77
22.25,16,9,6.25,1.2299,2.808179,0.106109,0.111425,10,1,0,25,10625758.2
22.32,10,9,36.84,0.9985,8.236388,0.049247,0.082419,11,0,0,7,13152954.43
25.73,16,7,0,1.0201,2.755165,0.224367,0.29522,31,12,0,25,10751745.61
22.99,16,9,8.7,0.3641,0.794092,0.005559,0.064332,1,0,0,11,8684104.789
24.26,25,9,30,2.0311,1.260905,0.087889,0.18319,34,26,0,52,11855983.1
22.31,25,9,5.26,0.6142,1.141328,0.17378,0.156271,9,5,0,35,11696124.84
19.98,25,7,11.11,0.3556,0.757037,0.091192,0.052767,7,2,0,5,8700760.805
23,22,9,0,1.5242,0.667805,-0.04334,0.125936,29,1,0,16,10167235.8
24.22,24,10,13.79,0.588,1.039267,0.087287,0.259009,37,27,8,53,11270901.58
22.11,24,9,16.67,0.443,0.405037,-0.017092,0.229094,25,11,0,27,10149194.95
22.71,24,8,21.05,0.9018,1.071725,0.039699,0.05373,18,2,0,24,8339527.936
22.23,23,8,13.04,0.8055,0.579096,0.126481,-0.020063,16,8,1,33,8695383.781
24.8,23,15,12.5,2.0253,0.970866,0.009361,0.044135,16,5,0,26,9558746.992
20.35,23,6,12.5,1.8676,42.724068,-0.026661,-0.034919,6,0,0,3,6772353.871
24.4,6,9,31.25,1.7029,1.539195,0.206046,0.035679,98,17,0,62,25513718.43
23.28,7,9,5.88,0.6173,0.803081,0.009541,0.162501,28,7,1,42,9551839.676
26.32,7,9,13.79,0.6659,1.309248,0.155329,-0.021716,86,71,2,46,9310505.075
21.79,3,7,13.33,0.3419,0.54683,-0.05521,0.024626,21,0,0,31,8820131.226
20.95,3,8,14.29,1.0846,1.088326,0.027761,0.035644,2,1,0,17,10900022.29
22.32,1,9,14.81,2.0683,2.385304,0.083697,0.082419,9,3,0,45,9493350.048
22.32,1,9,43.75,0.875,5.092751,0.055186,0.082419,5,0,0,13,9636712.92
21.55,3,9,30,0.4431,1.364898,0.102841,0.034124,26,1,1,32,10152737.43
22.32,1,9,11.11,0.2384,1.00926,0.335279,0.082419,25,2,1,17,8309541.505
21.55,3,9,7.14,0.0885,1.152686,0.227647,0.040503,5,0,0,20,8831220.534
20.56,2,9,15.79,1.8217,1.60029,0.481905,0.061065,10,1,1,11,9289041.193
21.14,4,9,13.33,1.2989,8.422187,0.098261,0.086962,0,0,0,19,12088991.14
22.32,1,5,30.77,0.4084,4.753852,0.17926,0.082419,9,0,0,37,12627122.34
20.54,3,5,14.29,3.9876,6.956388,0.059352,0.121967,10,1,0,23,9405589.365
21.95,9,9,8,0.5988,1.627269,-0.101478,0.089709,61,10,9,67,12811092.17
21.44,9,9,21.05,0.4172,0.358074,-0.085424,-0.005998,10,0,0,24,15344490.77
20.97,9,6,33.33,1.5245,1.3326,-0.091863,0.195799,4,0,0,19,10459490.56
21.26,8,9,43.75,1.045,1.377696,0.013026,0.140259,3,0,0,23,12346191.73
20.87,8,9,26.32,0.5012,3.510963,0.06607,0.144728,8,1,0,5,20305802.4
21.88,8,9,14.29,0.4043,3.830341,0.015737,0.12088,5,1,1,15,11632938.13
22.01,8,8,20,0.1562,2.885322,-0.036697,0.017365,14,0,0,34,10240246.82
20.98,8,7,35.29,0.8234,2.682214,0.098274,-0.008297,64,0,0,82,11321249.71
21.79,4,7,30.77,0.6072,1.018545,0.102655,0.092033,23,0,0,34,10767741.53
21.49,5,9,35.71,2.0065,7.071257,0.547156,0.151473,3,0,0,19,16398408.7
22.22,5,7,13.33,0.6325,1.549448,-0.143177,0.200617,3,5,0,46,27768081.16
20.64,2,9,0,0.5162,1.209194,0.286072,0.091761,3,0,2,34,12024727.15
20.98,2,9,21.05,0.3371,3.82839,0.204824,0.054171,4,0,0,16,14038277.11
20.86,2,8,16.67,0.9447,1.426288,0.13496,-0.035623,6,3,0,27,10031072.43
21.44,2,7,16.67,0.6677,1.769126,1.25281,-0.051073,20,13,0,55,13533482.47
21.95,1,9,18.75,0.814,1.640568,0.217254,0.089709,11,9,2,26,12402519.76
23.11,21,9,0,1.0226,0.660548,-0.023102,0.024878,11,0,0,15,10998050.7
24.24,20,9,23.81,0.8509,0.784352,0.106478,0.091161,15,23,2,46,12772754.88
23.16,18,9,13.64,0.3542,1.613383,0.334005,0.082407,14,4,1,24,11963441.7
22.8,16,7,22.22,0.3174,0.755995,-0.041748,0.15678,29,5,1,25,12530199.2
22.74,16,7,0,0.0557,1.817565,0.061567,0.139034,35,2,0,33,13104326.83
23.64,17,11,29.03,0.0826,6.557668,0.148203,0.273433,9,0,0,11,14991175.45
22.37,17,9,6.25,0.6349,2.397252,0.118208,0.129561,11,1,0,22,13066086.71
21.95,9,9,35,0.9993,26.288059,-0.117476,0.089709,26,0,0,6,10985363.04
25.91,17,8,5.26,1.0522,3.541407,0.195455,0.27241,37,10,0,22,12357267.11
22.97,17,8,15,0.177,0.701017,-0.021235,0.070539,4,0,0,19,10399048.84
24.38,26,9,23.81,1.9133,1.202116,0.125711,0.148647,31,28,0,63,13182675.34
22.42,26,8,5.26,0.2365,1.340326,0.117067,0.106089,11,10,0,37,13916507.67
20,26,6,16.67,0.3556,0.46551,0.015881,0.234081,9,1,0,3,12218432.1
23.09,23,9,0,2.3837,0.87701,0.103207,0.208018,19,4,0,15,13000522.28
24.32,25,9,16,0.6339,1.124526,0.105058,0.29188,44,31,6,53,13915634.9
22.09,25,9,22.22,0.3697,0.401261,-0.01737,0.161118,27,10,0,26,12748987.1
22.68,25,8,12.5,0.8738,1.177746,-0.025751,0.082023,30,3,1,36,10513529.34
22.38,24,11,13.64,0.7823,0.57286,0.163594,0.004994,26,7,1,52,10889040.32
24.81,24,15,14.29,2.0253,0.939572,0.011678,0.001962,4,7,0,20,11432306.18
20.36,24,7,16.67,1.6933,29.836712,0.011718,-0.010344,8,0,0,7,7949224.978
24.81,7,9,35.71,1.6891,1.51774,0.495338,0.205708,134,21,1,85,28934005.04
23.29,8,9,6.25,0.7888,0.810014,0.016982,0.157142,37,9,1,54,11683567.4
21.95,9,7,31.58,2.5912,0.999698,0.350718,0.089709,12,4,0,25,12045648.67
26.37,8,9,15.38,0.6701,1.366383,0.051617,0.035492,104,71,1,54,11231603.28
21.93,4,7,11.54,0.9644,0.529024,0.141013,0.002111,12,0,0,44,10021050.81
20.92,4,8,13.33,1.0415,1.081811,-0.029881,0.062579,13,2,0,23,12457284.87
22.29,2,9,20,2.0683,2.675346,0.081084,0.051388,28,2,0,61,12310592.36
20.65,2,9,46.15,1.1459,5.086797,0.466372,0.386162,3,0,0,11,12218085.79
21.62,4,9,29.41,0.431,1.391176,0.071447,0.150772,22,1,0,28,12316768.58
22.77,2,9,16.67,0.8168,1.334822,0.311356,-0.036296,16,1,0,16,9525717.246
21.55,4,9,7.14,0.103,0.880584,0.003447,0.063036,30,2,1,93,10723377.8
20.76,3,9,13.33,1.8141,1.310284,0.218621,0.070298,13,1,1,13,12011354.73
21.38,5,9,21.05,1.2853,14.509517,0.279081,0.027553,2,0,0,19,14611734.75
21.31,2,5,25,0.4082,2.449374,0.232507,0.09625,10,0,0,50,14869459.34
20.63,4,7,11.76,3.2545,8.082722,0.086482,0.057955,7,1,0,25,11843388.74
22.96,10,9,12,0.6271,1.092976,0.056078,0.028104,32,11,4,80,9736682.523
21.36,10,9,23.53,0.4588,0.228918,-0.074164,-0.007886,9,0,0,19,17402080.78
20.71,10,5,27.78,1.5691,1.242833,-0.223548,-0.089991,2,0,0,25,12404911.86
21.28,9,9,46.15,1.0064,1.544521,0.017939,0.101558,4,1,0,23,12272268.16
20.84,9,8,23.08,0.4511,5.406051,-0.030747,0.148,7,2,0,6,17622101.1
22.08,9,9,13.33,0.3965,4.932002,0.217379,0.136034,21,1,1,16,13065187.13
22.1,9,9,16.67,0.3039,2.320049,0.101235,0.07928,14,0,0,32,11531961.87
21.03,9,7,37.5,0.8028,2.609453,0.043915,0.034209,102,11,5,121,12663438.59
21.89,5,7,25,1.1019,1.112884,0.106729,-0.002422,31,2,0,43,11554727.54
21.64,6,9,31.25,2.034,4.507811,0.159543,0.087406,3,0,0,20,18827594.88
22.3,6,7,15.38,0.5055,1.458736,0.087737,0.120136,9,2,0,69,26110089.66
20.65,3,9,0,0.4347,2.535994,0.004433,-0.012793,3,0,1,26,13831468.3
21.24,3,9,21.05,0.1917,3.272607,0.300057,0.231497,4,0,0,17,15057801.9
20.85,3,9,15.79,0.8777,1.304794,-0.005953,0.023849,4,1,0,22,11452266.18
22.82,2,9,18.75,0.7955,1.62793,0.359587,0.092133,34,16,0,49,14309894.39
21.98,2,9,13.64,0.726,2.171443,0.245604,0.05515,78,46,0,56,11837448.34
23.02,22,9,0,0.8702,0.607641,-0.084063,0.039451,11,0,0,8,11304207.96
24.33,21,9,25,0.9333,0.961569,0.093233,0.061049,84,27,3,66,13628050.96
23.24,19,9,20.69,0.5585,1.854817,0.085845,0.051973,14,0,2,20,12425407.82
22.52,20,9,12.5,0.2427,2.36947,0.043321,-0.00367,3,0,0,24,11449800.54
22.84,17,7,21.05,0.2785,0.809198,0.036111,0.06592,23,2,1,25,12821147.39
22.84,17,7,5.56,0.0484,2.160984,0.095769,0.144475,31,1,0,48,13441360.5
23.68,18,11,23.08,0.1246,7.261642,0.041096,0.031348,15,3,0,18,12657942.36
22.45,18,9,7.14,0.3996,2.408288,0.087257,0.109474,16,3,0,28,13581274.92
22.38,12,9,33.33,1.0049,6.365141,0.360501,0.087319,30,0,0,7,14759919
26.03,18,8,5.56,0.9846,4.664132,0.124152,0.19464,53,9,0,36,12738711.94
22.99,18,8,11.76,0.0924,0.757656,0.017892,0.079793,6,0,0,21,11309909.31
24.37,27,9,16.67,1.6597,1.529903,-0.010371,0.135933,28,16,0,58,14917127.2
22.57,27,9,9.09,0.2762,1.193064,0.158575,0.112151,13,3,0,38,14393677.06
20.02,27,7,23.81,0.3556,0.385345,0.021217,0.214962,4,1,0,5,16226568.46
23.12,24,9,5,1.429,1.492788,0.027772,0.212798,9,0,0,14,13961177.76
22.15,24,7,27.78,0.0295,3.260394,-0.134361,0.159062,17,0,0,24,13698232.93
24.51,26,9,19.23,0.6048,1.304416,0.198746,0.229373,49,52,2,42,15189622.14
22.23,26,8,16.67,0.1445,0.313171,0.146415,0.102985,28,9,0,26,11869824.33
22.67,26,8,12.5,0.8729,1.348256,-0.018314,0.08609,27,2,1,40,11536195.53
22.45,25,11,14.29,0.7735,0.618625,0.069363,0.067559,23,8,1,42,13077093.29
24.79,25,14,17.95,2.0771,0.894075,-0.018771,0.054997,8,7,0,22,10726575.43
20.4,25,7,16.67,1.751,30.836679,0.040718,-0.025002,6,0,0,8,7644771.696
25.2,8,9,38.46,1.7867,1.278674,0.477723,0.185736,214,48,9,67,26657953.41
23.38,9,9,7.69,0.83,0.888418,0.095454,0.238819,41,11,2,58,14384510.19
22.38,1,7,31.25,2.5917,1.672053,0.305945,0.087319,15,1,0,19,16880638.26
26.4,9,9,12.9,0.6599,1.537491,0.032711,0.054784,113,60,1,85,11265293.13
22,5,9,11.54,0.9011,0.582652,0.079335,-0.015548,12,1,0,40,12398704.04
22.38,1,9,38.46,0.1329,3.497587,0.172037,0.087319,5,2,0,17,14492224.74
20.84,5,8,13.33,1.1785,1.329296,-0.079192,0.053605,13,2,0,20,14350676.33
22.45,3,9,21.05,2.0454,2.207399,0.184297,0.159072,26,2,0,56,13141656.4
20.79,3,8,40,1.0485,4.318389,0.152269,0.033148,3,0,0,9,12907494.37
21.73,5,9,31.58,0.3999,1.781254,0.120138,0.11897,24,3,0,42,14568662.06
22.86,3,9,14.29,0.7073,1.268944,0.09434,0.044213,8,0,0,19,10698514.45
21.6,5,9,5,0.1113,0.88024,0.0467,0.118233,29,1,0,69,11450552.05
21.01,4,9,17.65,1.8429,1.604482,0.286952,0.143116,15,1,1,27,12226663.95
21.5,6,9,20,1.3705,14.192179,0.121478,0.016893,0,0,0,20,15226749.19
21.54,3,5,20,0.4055,1.597298,0.259847,0.089934,13,0,1,28,15016368.31
21.07,5,7,18.75,2.3145,2.617588,0.556166,0.062679,5,1,0,32,11589604.21
22.38,12,9,25,2.1323,8.266031,2.505977,0.087319,2,2,1,14,25949680.9
22.38,1,7,35.71,1.7799,8.839116,0.067247,0.087319,0,1,0,22,15787020.08
22.38,12,7,30,0.511,3.680218,1.030865,0.087319,15,0,0,18,14181548.32
23.06,11,9,13.04,0.587,1.188307,0.089661,-0.027757,15,12,5,53,12708211.11
22.38,12,5,46.15,0.4601,0.137116,-0.202137,0.065257,9,0,0,16,17276051.72
21.05,11,7,21.05,0.828,0.89671,0.403839,-0.036956,4,0,0,24,16898675.09
21.36,10,9,39.13,0.8513,1.851523,0.088334,0.06598,10,1,1,38,15339378.01
20.89,10,9,23.08,0.4946,4.937294,0.048656,0.101326,8,11,0,16,25436040.56
22.27,10,9,12.5,0.403,2.865279,0.211119,0.154197,24,0,1,22,18080279.24
22.35,10,8,17.39,0.1628,1.676055,0.283288,0.089602,21,14,3,41,14900901.94
21.08,10,7,37.5,0.821,2.340151,0.055268,0.028318,74,15,1,123,15882339.31
21.86,6,9,20,1.097,0.739172,-0.033662,-0.024569,6,0,0,28,8243653.164
21.9,7,9,26.67,2.316,3.801084,0.297674,0.117343,4,0,0,25,24351650.43
20.46,4,9,0,0.3619,4.033101,-0.173411,0.111454,7,1,0,28,16827294.61
20.61,4,9,23.53,0.6723,2.365523,0.176957,-0.001079,13,0,2,19,18501635.12
21.2,4,9,18.75,0.1758,3.963366,-0.035105,0.045644,4,0,0,17,16939553.11
20.81,4,7,23.08,0.8241,0.760581,-0.036588,0.026124,5,1,0,21,13903881.95
22.45,4,7,7.69,0.4986,2.020666,0.617901,-0.097581,25,11,0,66,17203082.98
23.1,3,9,20,0.8882,1.694702,0.324126,0.075001,41,30,1,78,16762573.96
22.38,1,7,16.67,0.5089,10.729701,0.209086,0.065257,6,0,0,35,26725664.04
22.38,1,9,33.33,1.395,1.394177,0.51725,0.065257,9,3,0,21,16235690.33
23.09,23,9,0,0.8328,0.582563,0.073208,0.098151,13,0,0,7,17322819.4
24.5,22,9,21.05,1.0263,1.012945,0.193021,0.162809,107,45,3,64,21911373.58
22.05,21,9,0,2.5908,0.881868,-0.198106,0.17626,7,6,5,5,17935736.62
23.37,20,9,19.35,0.5431,1.948249,0.130477,-0.001319,16,0,0,28,14292596.96
22.71,21,7,23.81,0.1278,2.113791,0.212503,-0.165815,12,0,0,23,16168463.84
22.86,18,7,15.79,0.2897,1.1015,0.025372,0.078024,24,2,0,25,16648817.23
22.95,18,7,9.52,0.0667,2.373955,0.119191,0.16092,29,2,0,25,15919699.95
23.64,19,11,26.09,0.1885,5.843932,-0.038082,-0.001967,21,2,0,27,18021205.92
22.58,19,9,5.88,0.829,1.985879,0.140231,0.133497,3,2,0,23,17025146.67
26.16,19,8,5,0.9668,3.782871,0.141993,0.167947,99,7,0,42,17029341.86
23.11,19,8,11.76,0.0787,0.793411,0.125347,0.167559,12,0,0,24,18239445.5
24.53,28,9,16.67,1.3929,1.67698,0.165556,0.147748,36,22,0,87,18694595.36
22.67,28,9,11.11,0.296,1.216174,0.107361,0.074936,11,6,0,43,17773861.57
20.16,28,7,18.75,0.2337,0.311932,0.15187,0.184841,2,0,0,4,22388279.25
23.17,25,9,10.53,1.1427,1.387124,0.053719,0.131583,10,4,0,20,16553017.77
22.18,25,7,35.29,0.033,3.554381,0.032008,0.088695,20,1,0,25,16630047.34
24.69,27,9,14.71,0.5511,1.268468,0.196253,0.172894,67,22,2,41,18184491.66
22.26,27,8,20.83,0.1751,0.438139,0.030353,0.102391,34,14,2,30,15356908.59
22.7,27,8,10.53,0.8654,1.365728,0.029714,0.083698,30,3,1,43,14863374.68
22.95,26,11,18.18,0.9622,0.850823,0.420144,0.020888,37,7,1,29,15783889.13
24.76,26,15,19.35,2.0716,0.84231,-0.033289,-0.014071,3,7,0,35,14534122.34
20.47,26,7,18.75,1.7609,20.41743,0.072281,-0.008822,6,0,0,5,14206337.89
23.77,10,9,7.14,0.8458,1.898746,0.464757,0.35473,52,21,2,67,24080306.37
23.72,2,7,38.89,2.5797,1.443484,0.63731,0.047264,8,1,0,12,18576843.63
26.38,10,11,11.11,0.6633,1.419472,-0.017146,0.047138,127,79,8,97,14304992.1
21.94,6,9,5.26,0.8888,0.513827,-0.056578,-0.022906,16,1,0,44,13585674.82
21.63,2,9,40,0.1293,2.598607,0.111708,0.050173,7,2,0,20,18686686.39
20.54,6,8,17.39,1.0229,1.082614,-0.258344,-0.01628,12,1,0,20,14331278.25
22.57,4,9,25,2.0459,1.987861,0.12027,-0.037883,52,23,0,86,16564759.99
20.95,4,9,35.71,1.0922,2.97475,0.080784,0.014248,1,0,0,10,14770053.42
21.8,6,9,29.41,0.4881,1.786751,0.068949,0.054249,144,22,1,90,17354507.03
23.22,4,9,14.29,0.6089,1.348098,0.430386,-0.140596,21,1,0,22,14453167.62
21.61,6,9,6.25,0.6797,1.177875,0.01448,-0.042878,21,1,0,48,14495328.4
21.15,5,9,16.67,1.8356,2.469285,0.153285,0.140457,11,1,0,26,17375478.23
21.62,7,9,25,1.0394,11.354306,0.12575,0.020299,0,0,0,20,22038006.63
21.84,4,9,42.86,0.4955,0.946226,1.070862,0.198457,23,0,0,48,15363378.74
21.79,4,5,20,0.4051,1.526742,0.285662,0.079586,14,1,0,42,18432102.42
20.88,6,6,11.11,1.0336,23.209023,-0.176963,0.049515,6,1,0,28,14760005.87
22.38,1,7,19.05,0.3379,1.13362,0.120575,0.065257,9,0,0,26,18915946.08
22.38,12,9,21.05,0.2028,3.068948,0.665839,0.065257,21,7,0,10,15262049.81
22.38,1,9,17.65,0.5278,1.551669,0.521238,0.065257,14,0,1,38,15075568.67
22.38,1,9,26.67,1.479,20.291434,0.104198,0.065257,2,1,1,20,33349355.28
20.99,2,7,40,1.7485,6.272884,0.194343,0.140424,0,1,0,33,20825906.51
22.38,1,7,26.32,0.491,3.129426,0.086502,0.065257,7,0,0,23,17661750.29
22.38,1,9,16.67,0.834,4.723251,0.98057,0.065257,9,0,1,19,28046400.82
